{
    "is_video":1,
    "filepath":0,
    "family": "apriltag",
    "hamming_dist": 11,
    "codebook": "",
    "cameraMatrix": [921.315, 0, 649.204, 0, 921.375, 459.739, 0, 0, 1],
    "distCoeffs":  [ 0.978811, 3.71217, 0.000159566, 0.000281263, 0.638837, 1.36651, 3.99066, 1.93969],
    "marker_size": 0.03
}